resultado,capitulo,tipo,figura_asociada,codigo_generador_existe,archivo,observacion
Notation for Network Setting,chapter03,tabla,,n/a,,Tabla de notación; sin valores calculados
No payments allowed. Figure 1 (a) from \protect\citeA{jalan_incentive-aware_2024},chapter03,figura,no_payments.png,n/a,,Figura reproducida de Jalan et al. (2024); no la genera código
Payments allowed. Figure 1 (b) from \protect\citeA{jalan_incentive-aware_2024},chapter03,figura,payments.png,n/a,,Figura reproducida de Jalan et al. (2024); no la genera código
Summary of Key Metrics for Network Evaluation,chapter03,tabla,,n/a,,Tabla de definiciones; sin valores calculados
Network structure with regulatory constraint.,chapter04,figura,network3_with_con.png,no,,Diagrama de red; el .qmd no importa networkx ni dibuja grafos
Network structure without regulatory constraint (3-firm baseline). The previously prohibited link between the National B,chapter04,figura,network3_without_con.png,no,,Diagrama de red; sin código de dibujo versionado
Baseline Comparison: Impact of Regulatory Constraint (3-Firm Scenarios),chapter04,tabla,,si,code/Financial_Networks_Stability.qmd,REPRODUCIDA: 14/14 métricas dentro del redondeo impreso (tabla_baseline_cap4.csv)
Network structure with 4 agents under regulatory constraint. The introduction of the Fintech creates perfect competition,chapter04,figura,network4_with_con.png,no,,Diagrama de red; sin código de dibujo versionado
Impact of Fintech Entry on Network Activity and Welfare,chapter04,tabla,,si,code/Financial_Networks_Stability.qmd (+ parámetros cap. 4),"REPRODUCIDA en sus valores titulares (utilidad total 1.0341, fintech 0.2390, volumen 1.3508). Reproducido en esta auditoría con el núcleo versionado y los parámetros declarados en el cap. 4 (rho=0.99): no requiere álgebra nueva, solo un script de escenario"
The Limits of Competition: Comparison Against Unrestricted Benchmark,chapter04,tabla,,si,code/Financial_Networks_Stability.qmd (+ parámetros cap. 4),"REPRODUCIDO el benchmark 4F sin restricción: utilidad total 1.7413 exacta. Reproducido en esta auditoría con el núcleo versionado y los parámetros declarados en el cap. 4 (rho=0.99): no requiere álgebra nueva, solo un script de escenario"
Master Comparison: Network Efficiency and Welfare Across All Scenarios,chapter04,tabla,,parcial,code/Financial_Networks_Stability.qmd / code/.ipynb_checkpoints/Verificacion_Derivaciones.py,"Columnas 3F-WITH, 3F-WITHOUT, 4F-WITH y 4F-WITHOUT reproducidas; la columna dual (4F-DUAL, 1.7413 con restricción) requiere implementar el modelo dual"
3-Agent Dual Network: Symmetric Baseline (No Restrictions),chapter04,tabla,,parcial,code/.ipynb_checkpoints/Verificacion_Derivaciones.py,"Álgebra dual (H=2gS+lambda_B*I, tau, CPO, caso restringido) derivada y verificada simbólicamente; no existe implementación numérica que genere los valores"
3-Agent Dual Network: Restriction in Traditional Network Only,chapter04,tabla,,parcial,code/.ipynb_checkpoints/Verificacion_Derivaciones.py,"Álgebra dual (H=2gS+lambda_B*I, tau, CPO, caso restringido) derivada y verificada simbólicamente; no existe implementación numérica que genere los valores"
3-Agent Dual Network: Welfare Distribution,chapter04,tabla,,parcial,code/.ipynb_checkpoints/Verificacion_Derivaciones.py,"Álgebra dual (H=2gS+lambda_B*I, tau, CPO, caso restringido) derivada y verificada simbólicamente; no existe implementación numérica que genere los valores"
4-Agent Dual Network: Symmetric Baseline (No Restrictions),chapter04,tabla,,parcial,code/.ipynb_checkpoints/Verificacion_Derivaciones.py,"Álgebra dual (H=2gS+lambda_B*I, tau, CPO, caso restringido) derivada y verificada simbólicamente; no existe implementación numérica que genere los valores"
4-Agent Dual Network: Structural Solution (Restriction in T Only),chapter04,tabla,,parcial,code/.ipynb_checkpoints/Verificacion_Derivaciones.py,"Álgebra dual (H=2gS+lambda_B*I, tau, CPO, caso restringido) derivada y verificada simbólicamente; no existe implementación numérica que genere los valores"
Alternative Network Adoption: 3-Agent vs 4-Agent Comparison,chapter04,tabla,,parcial,code/.ipynb_checkpoints/Verificacion_Derivaciones.py,"Álgebra dual (H=2gS+lambda_B*I, tau, CPO, caso restringido) derivada y verificada simbólicamente; no existe implementación numérica que genere los valores; además requiere una regla de adopción/reparto que no está en el repo"
4-Agent Scenarios: Agent-Level Welfare Comparison,chapter04,tabla,,parcial,code/.ipynb_checkpoints/Verificacion_Derivaciones.py,"Álgebra dual (H=2gS+lambda_B*I, tau, CPO, caso restringido) derivada y verificada simbólicamente; no existe implementación numérica que genere los valores"
Comparison of All Scenarios: Complete Results,chapter04,tabla,,parcial,code/Financial_Networks_Stability.qmd / code/.ipynb_checkpoints/Verificacion_Derivaciones.py,Los escenarios de red única se reproducen; los duales no
Agent Utility Changes: Competition vs. Structural Solution,chapter04,tabla,,parcial,code/Financial_Networks_Stability.qmd / code/.ipynb_checkpoints/Verificacion_Derivaciones.py,La columna de competencia (4F) se reproduce; la de solución estructural requiere el modelo dual
Network Volume Distribution Across Scenarios,chapter04,tabla,,parcial,code/Financial_Networks_Stability.qmd / code/.ipynb_checkpoints/Verificacion_Derivaciones.py,Volúmenes 3F y 4F reproducidos; los duales no
Agent-Level Utilities Across Scenarios,chapter04,tabla,,parcial,code/Financial_Networks_Stability.qmd / code/.ipynb_checkpoints/Verificacion_Derivaciones.py,Utilidades 3F y 4F reproducidas (definición recuperada); los duales no
Net Rent Positions: Payment Flow Structure,chapter04,tabla,,no,,«net rent» no está definida por ninguna ecuación de la tesis ni implementada en el código
Net Rent Decomposition by Network (4F-DUAL),chapter04,tabla,,no,,Requiere el modelo dual y la definición ausente de «net rent»
Payment Structure: Competitive Effect of Fintech Entry,chapter04,tabla,,parcial,code/Financial_Networks_Stability.qmd (+ parámetros cap. 4),La matriz P del escenario 4F es reproducible; los agregados de pago de esta tabla no se verificaron en esta auditoría
Sensitivity to Operational Friction ($\lambda_A$) with $\tau = 0$,chapter04,figura,friction_sensitivity.png,parcial,code/.ipynb_checkpoints/Verificacion_Derivaciones.py,lambda_B derivado y verificado; falta el barrido numérico y el trazado
Sensitivity to Transparency Benefits ($\tau$) with $\lambda_A = 0.15$,chapter04,figura,transparency_sensitivity_lambda0.15.png,parcial,code/.ipynb_checkpoints/Verificacion_Derivaciones.py,tau derivado y verificado; falta el barrido numérico y el trazado
"Ejemplo 5: iterados W y P en t = 0, 5, 10, inf",chapter03,ecuacion,,si,code/Financial_Networks_Stability.qmd,REPRODUCIDOS: 56/56 celdas dentro del redondeo a 2 decimales (iterados_tesis.csv)
"Pérdida de bienestar por la restricción = 50,8%",chapter01/04/05,numero,,si,code/Financial_Networks_Stability.qmd,"REPRODUCIDO exacto: (1.4338-0.7061)/1.4338 = 50,8%"
"Ganancia de bienestar por competencia = 46,5%",chapter01/04/05,numero,,si,code/Financial_Networks_Stability.qmd (+ parámetros cap. 4),"REPRODUCIDO: 46,45% sin redondear (la tesis obtiene 46,5% calculando desde sus valores ya redondeados)"
"Brecha de bienestar residual = 27,9%",chapter01/04/05,numero,,si,code/Financial_Networks_Stability.qmd (+ parámetros cap. 4),"REPRODUCIDO: 27,88% = (1.4338-1.0341)/1.4338"
Recuperación total de bienestar = 100% (red alternativa),chapter01/04/05,numero,,parcial,code/.ipynb_checkpoints/Verificacion_Derivaciones.py,"NO reproducible hoy: es el resultado central del modelo dual. Álgebra dual (H=2gS+lambda_B*I, tau, CPO, caso restringido) derivada y verificada simbólicamente; no existe implementación numérica que genere los valores"
