iter,dP_fro,asimetria_P,desacuerdo_W_abs,desacuerdo_W_pct,aristas_actualizadas,escenario
1,0.10930672067020157,0.0,0.21930803571428575,84.07079646017709,2,con_restriccion
2,0.08570848166163741,0.0,0.16645408163265296,63.58173076923085,2,con_restriccion
3,0.06682872736483682,0.0,0.12841085094752214,47.44776730848001,2,con_restriccion
4,0.05196608456137288,0.0,0.09953616331736759,35.5878470616109,2,con_restriccion
5,0.04037367539365761,0.0,0.0772608116223894,26.888285223348852,2,con_restriccion
6,0.031359171634626676,0.0,0.059994334312234,20.44408151709564,2,con_restriccion
7,0.024355576238274643,0.0,0.046591948622635826,15.621479184807546,2,con_restriccion
8,0.018915720021376172,0.0,0.03618476818071714,11.981795269384936,2,con_restriccion
9,0.014690773128492662,0.0,0.028102491378831806,9.216700698482493,2,con_restriccion
10,0.01140947475779686,0.0,0.021825541796462344,7.105363593817346,2,con_restriccion
11,0.00886107533757123,0.0,0.0169506198225835,5.486938517243833,2,con_restriccion
12,0.006881880736730354,0.0,0.013164556449727471,4.242645502901732,2,con_restriccion
13,0.0053447554230701055,0.0,0.010224142807034653,3.283799942292662,2,con_restriccion
14,0.004150959785065933,0.0,0.007940495259633251,2.5436118499722373,2,con_restriccion
15,0.0032238083341252174,0.0,0.006166919466575882,1.971438161912895,2,con_restriccion
16,0.0025037438816137604,0.0,0.00478948661541545,1.5286749677518574,2,con_restriccion
17,0.001944511823653201,0.0,0.003719714871212698,1.1857734617267979,2,con_restriccion
18,0.0015101889054142162,0.0,0.002888885560376031,0.9200428410453929,2,con_restriccion
19,0.0011728756298824347,0.0,0.0022436288990430597,0.7140147745501242,2,con_restriccion
20,0.0009109040850656706,0.0,0.0017424956895898402,0.5542150676969041,2,con_restriccion
21,0.0007074460676370919,0.0,0.0013532947581228472,0.43023456534645055,2,con_restriccion
22,0.0005494320936971561,0.0,0.0010510250976845104,0.33402240364761804,2,con_restriccion
23,0.00042671185747445724,0.0,0.0008162698845408656,0.2593459805183454,2,con_restriccion
24,0.0003314022085676779,0.0,0.0006339492043294648,0.2013768520174387,2,con_restriccion
25,0.0002573807639038034,0.0,0.0004923513672154822,0.15637230453069095,2,con_restriccion
26,0.0001540982571671903,0.0,0.0006285562704804182,0.1118634964639974,1,con_restriccion
27,0.00016254405530112472,0.0,0.00034706932689032577,0.13341168722130906,1,con_restriccion
28,0.00013147236138530663,0.0,0.00043048438308324055,0.07662509666089068,1,con_restriccion
29,0.0,0.0,0.00043048438308324055,0.07662509666089068,0,con_restriccion
30,0.0,0.0,0.00043048438308324055,0.07662509666089068,0,con_restriccion
31,0.0,0.0,0.00043048438308324055,0.07662509666089068,0,con_restriccion
32,0.0,0.0,0.00043048438308324055,0.07662509666089068,0,con_restriccion
33,0.0,0.0,0.00043048438308324055,0.07662509666089068,0,con_restriccion
34,0.0,0.0,0.00043048438308324055,0.07662509666089068,0,con_restriccion
35,0.0,0.0,0.00043048438308324055,0.07662509666089068,0,con_restriccion
36,0.0,0.0,0.00043048438308324055,0.07662509666089068,0,con_restriccion
37,0.0,0.0,0.00043048438308324055,0.07662509666089068,0,con_restriccion
38,0.0,0.0,0.00043048438308324055,0.07662509666089068,0,con_restriccion
39,0.0,0.0,0.00043048438308324055,0.07662509666089068,0,con_restriccion
40,0.0,0.0,0.00043048438308324055,0.07662509666089068,0,con_restriccion
41,0.0,0.0,0.00043048438308324055,0.07662509666089068,0,con_restriccion
42,0.0,0.0,0.00043048438308324055,0.07662509666089068,0,con_restriccion
43,0.0,0.0,0.00043048438308324055,0.07662509666089068,0,con_restriccion
44,0.0,0.0,0.00043048438308324055,0.07662509666089068,0,con_restriccion
45,0.0,0.0,0.00043048438308324055,0.07662509666089068,0,con_restriccion
46,0.0,0.0,0.00043048438308324055,0.07662509666089068,0,con_restriccion
47,0.0,0.0,0.00043048438308324055,0.07662509666089068,0,con_restriccion
48,0.0,0.0,0.00043048438308324055,0.07662509666089068,0,con_restriccion
49,0.0,0.0,0.00043048438308324055,0.07662509666089068,0,con_restriccion
50,0.0,0.0,0.00043048438308324055,0.07662509666089068,0,con_restriccion
51,0.0,0.0,0.00043048438308324055,0.07662509666089068,0,con_restriccion
52,0.0,0.0,0.00043048438308324055,0.07662509666089068,0,con_restriccion
53,0.0,0.0,0.00043048438308324055,0.07662509666089068,0,con_restriccion
54,0.0,0.0,0.00043048438308324055,0.07662509666089068,0,con_restriccion
55,0.0,0.0,0.00043048438308324055,0.07662509666089068,0,con_restriccion
56,0.0,0.0,0.00043048438308324055,0.07662509666089068,0,con_restriccion
57,0.0,0.0,0.00043048438308324055,0.07662509666089068,0,con_restriccion
58,0.0,0.0,0.00043048438308324055,0.07662509666089068,0,con_restriccion
59,0.0,0.0,0.00043048438308324055,0.07662509666089068,0,con_restriccion
60,0.0,0.0,0.00043048438308324055,0.07662509666089068,0,con_restriccion
61,0.0,0.0,0.00043048438308324055,0.07662509666089068,0,con_restriccion
62,0.0,0.0,0.00043048438308324055,0.07662509666089068,0,con_restriccion
63,0.0,0.0,0.00043048438308324055,0.07662509666089068,0,con_restriccion
64,0.0,0.0,0.00043048438308324055,0.07662509666089068,0,con_restriccion
65,0.0,0.0,0.00043048438308324055,0.07662509666089068,0,con_restriccion
66,0.0,0.0,0.00043048438308324055,0.07662509666089068,0,con_restriccion
67,0.0,0.0,0.00043048438308324055,0.07662509666089068,0,con_restriccion
68,0.0,0.0,0.00043048438308324055,0.07662509666089068,0,con_restriccion
69,0.0,0.0,0.00043048438308324055,0.07662509666089068,0,con_restriccion
70,0.0,0.0,0.00043048438308324055,0.07662509666089068,0,con_restriccion
71,0.0,0.0,0.00043048438308324055,0.07662509666089068,0,con_restriccion
72,0.0,0.0,0.00043048438308324055,0.07662509666089068,0,con_restriccion
73,0.0,0.0,0.00043048438308324055,0.07662509666089068,0,con_restriccion
74,0.0,0.0,0.00043048438308324055,0.07662509666089068,0,con_restriccion
75,0.0,0.0,0.00043048438308324055,0.07662509666089068,0,con_restriccion
76,0.0,0.0,0.00043048438308324055,0.07662509666089068,0,con_restriccion
77,0.0,0.0,0.00043048438308324055,0.07662509666089068,0,con_restriccion
78,0.0,0.0,0.00043048438308324055,0.07662509666089068,0,con_restriccion
79,0.0,0.0,0.00043048438308324055,0.07662509666089068,0,con_restriccion
80,0.0,0.0,0.00043048438308324055,0.07662509666089068,0,con_restriccion
81,0.0,0.0,0.00043048438308324055,0.07662509666089068,0,con_restriccion
82,0.0,0.0,0.00043048438308324055,0.07662509666089068,0,con_restriccion
83,0.0,0.0,0.00043048438308324055,0.07662509666089068,0,con_restriccion
84,0.0,0.0,0.00043048438308324055,0.07662509666089068,0,con_restriccion
85,0.0,0.0,0.00043048438308324055,0.07662509666089068,0,con_restriccion
86,0.0,0.0,0.00043048438308324055,0.07662509666089068,0,con_restriccion
87,0.0,0.0,0.00043048438308324055,0.07662509666089068,0,con_restriccion
88,0.0,0.0,0.00043048438308324055,0.07662509666089068,0,con_restriccion
89,0.0,0.0,0.00043048438308324055,0.07662509666089068,0,con_restriccion
90,0.0,0.0,0.00043048438308324055,0.07662509666089068,0,con_restriccion
91,0.0,0.0,0.00043048438308324055,0.07662509666089068,0,con_restriccion
92,0.0,0.0,0.00043048438308324055,0.07662509666089068,0,con_restriccion
93,0.0,0.0,0.00043048438308324055,0.07662509666089068,0,con_restriccion
94,0.0,0.0,0.00043048438308324055,0.07662509666089068,0,con_restriccion
95,0.0,0.0,0.00043048438308324055,0.07662509666089068,0,con_restriccion
96,0.0,0.0,0.00043048438308324055,0.07662509666089068,0,con_restriccion
97,0.0,0.0,0.00043048438308324055,0.07662509666089068,0,con_restriccion
98,0.0,0.0,0.00043048438308324055,0.07662509666089068,0,con_restriccion
99,0.0,0.0,0.00043048438308324055,0.07662509666089068,0,con_restriccion
100,0.0,0.0,0.00043048438308324055,0.07662509666089068,0,con_restriccion
101,0.0,0.0,0.00043048438308324055,0.07662509666089068,0,con_restriccion
102,0.0,0.0,0.00043048438308324055,0.07662509666089068,0,con_restriccion
103,0.0,0.0,0.00043048438308324055,0.07662509666089068,0,con_restriccion
104,0.0,0.0,0.00043048438308324055,0.07662509666089068,0,con_restriccion
105,0.0,0.0,0.00043048438308324055,0.07662509666089068,0,con_restriccion
106,0.0,0.0,0.00043048438308324055,0.07662509666089068,0,con_restriccion
107,0.0,0.0,0.00043048438308324055,0.07662509666089068,0,con_restriccion
108,0.0,0.0,0.00043048438308324055,0.07662509666089068,0,con_restriccion
109,0.0,0.0,0.00043048438308324055,0.07662509666089068,0,con_restriccion
110,0.0,0.0,0.00043048438308324055,0.07662509666089068,0,con_restriccion
111,0.0,0.0,0.00043048438308324055,0.07662509666089068,0,con_restriccion
112,0.0,0.0,0.00043048438308324055,0.07662509666089068,0,con_restriccion
113,0.0,0.0,0.00043048438308324055,0.07662509666089068,0,con_restriccion
114,0.0,0.0,0.00043048438308324055,0.07662509666089068,0,con_restriccion
115,0.0,0.0,0.00043048438308324055,0.07662509666089068,0,con_restriccion
116,0.0,0.0,0.00043048438308324055,0.07662509666089068,0,con_restriccion
117,0.0,0.0,0.00043048438308324055,0.07662509666089068,0,con_restriccion
118,0.0,0.0,0.00043048438308324055,0.07662509666089068,0,con_restriccion
119,0.0,0.0,0.00043048438308324055,0.07662509666089068,0,con_restriccion
120,0.0,0.0,0.00043048438308324055,0.07662509666089068,0,con_restriccion
121,0.0,0.0,0.00043048438308324055,0.07662509666089068,0,con_restriccion
122,0.0,0.0,0.00043048438308324055,0.07662509666089068,0,con_restriccion
123,0.0,0.0,0.00043048438308324055,0.07662509666089068,0,con_restriccion
124,0.0,0.0,0.00043048438308324055,0.07662509666089068,0,con_restriccion
125,0.0,0.0,0.00043048438308324055,0.07662509666089068,0,con_restriccion
126,0.0,0.0,0.00043048438308324055,0.07662509666089068,0,con_restriccion
127,0.0,0.0,0.00043048438308324055,0.07662509666089068,0,con_restriccion
128,0.0,0.0,0.00043048438308324055,0.07662509666089068,0,con_restriccion
129,0.0,0.0,0.00043048438308324055,0.07662509666089068,0,con_restriccion
130,0.0,0.0,0.00043048438308324055,0.07662509666089068,0,con_restriccion
131,0.0,0.0,0.00043048438308324055,0.07662509666089068,0,con_restriccion
132,0.0,0.0,0.00043048438308324055,0.07662509666089068,0,con_restriccion
133,0.0,0.0,0.00043048438308324055,0.07662509666089068,0,con_restriccion
134,0.0,0.0,0.00043048438308324055,0.07662509666089068,0,con_restriccion
135,0.0,0.0,0.00043048438308324055,0.07662509666089068,0,con_restriccion
136,0.0,0.0,0.00043048438308324055,0.07662509666089068,0,con_restriccion
137,0.0,0.0,0.00043048438308324055,0.07662509666089068,0,con_restriccion
138,0.0,0.0,0.00043048438308324055,0.07662509666089068,0,con_restriccion
139,0.0,0.0,0.00043048438308324055,0.07662509666089068,0,con_restriccion
140,0.0,0.0,0.00043048438308324055,0.07662509666089068,0,con_restriccion
141,0.0,0.0,0.00043048438308324055,0.07662509666089068,0,con_restriccion
142,0.0,0.0,0.00043048438308324055,0.07662509666089068,0,con_restriccion
143,0.0,0.0,0.00043048438308324055,0.07662509666089068,0,con_restriccion
144,0.0,0.0,0.00043048438308324055,0.07662509666089068,0,con_restriccion
145,0.0,0.0,0.00043048438308324055,0.07662509666089068,0,con_restriccion
146,0.0,0.0,0.00043048438308324055,0.07662509666089068,0,con_restriccion
147,0.0,0.0,0.00043048438308324055,0.07662509666089068,0,con_restriccion
148,0.0,0.0,0.00043048438308324055,0.07662509666089068,0,con_restriccion
149,0.0,0.0,0.00043048438308324055,0.07662509666089068,0,con_restriccion
150,0.0,0.0,0.00043048438308324055,0.07662509666089068,0,con_restriccion
151,0.0,0.0,0.00043048438308324055,0.07662509666089068,0,con_restriccion
152,0.0,0.0,0.00043048438308324055,0.07662509666089068,0,con_restriccion
153,0.0,0.0,0.00043048438308324055,0.07662509666089068,0,con_restriccion
154,0.0,0.0,0.00043048438308324055,0.07662509666089068,0,con_restriccion
155,0.0,0.0,0.00043048438308324055,0.07662509666089068,0,con_restriccion
156,0.0,0.0,0.00043048438308324055,0.07662509666089068,0,con_restriccion
157,0.0,0.0,0.00043048438308324055,0.07662509666089068,0,con_restriccion
158,0.0,0.0,0.00043048438308324055,0.07662509666089068,0,con_restriccion
159,0.0,0.0,0.00043048438308324055,0.07662509666089068,0,con_restriccion
160,0.0,0.0,0.00043048438308324055,0.07662509666089068,0,con_restriccion
161,0.0,0.0,0.00043048438308324055,0.07662509666089068,0,con_restriccion
162,0.0,0.0,0.00043048438308324055,0.07662509666089068,0,con_restriccion
163,0.0,0.0,0.00043048438308324055,0.07662509666089068,0,con_restriccion
164,0.0,0.0,0.00043048438308324055,0.07662509666089068,0,con_restriccion
165,0.0,0.0,0.00043048438308324055,0.07662509666089068,0,con_restriccion
166,0.0,0.0,0.00043048438308324055,0.07662509666089068,0,con_restriccion
167,0.0,0.0,0.00043048438308324055,0.07662509666089068,0,con_restriccion
168,0.0,0.0,0.00043048438308324055,0.07662509666089068,0,con_restriccion
169,0.0,0.0,0.00043048438308324055,0.07662509666089068,0,con_restriccion
170,0.0,0.0,0.00043048438308324055,0.07662509666089068,0,con_restriccion
171,0.0,0.0,0.00043048438308324055,0.07662509666089068,0,con_restriccion
172,0.0,0.0,0.00043048438308324055,0.07662509666089068,0,con_restriccion
173,0.0,0.0,0.00043048438308324055,0.07662509666089068,0,con_restriccion
174,0.0,0.0,0.00043048438308324055,0.07662509666089068,0,con_restriccion
175,0.0,0.0,0.00043048438308324055,0.07662509666089068,0,con_restriccion
176,0.0,0.0,0.00043048438308324055,0.07662509666089068,0,con_restriccion
177,0.0,0.0,0.00043048438308324055,0.07662509666089068,0,con_restriccion
178,0.0,0.0,0.00043048438308324055,0.07662509666089068,0,con_restriccion
179,0.0,0.0,0.00043048438308324055,0.07662509666089068,0,con_restriccion
180,0.0,0.0,0.00043048438308324055,0.07662509666089068,0,con_restriccion
181,0.0,0.0,0.00043048438308324055,0.07662509666089068,0,con_restriccion
182,0.0,0.0,0.00043048438308324055,0.07662509666089068,0,con_restriccion
183,0.0,0.0,0.00043048438308324055,0.07662509666089068,0,con_restriccion
184,0.0,0.0,0.00043048438308324055,0.07662509666089068,0,con_restriccion
185,0.0,0.0,0.00043048438308324055,0.07662509666089068,0,con_restriccion
186,0.0,0.0,0.00043048438308324055,0.07662509666089068,0,con_restriccion
187,0.0,0.0,0.00043048438308324055,0.07662509666089068,0,con_restriccion
188,0.0,0.0,0.00043048438308324055,0.07662509666089068,0,con_restriccion
189,0.0,0.0,0.00043048438308324055,0.07662509666089068,0,con_restriccion
190,0.0,0.0,0.00043048438308324055,0.07662509666089068,0,con_restriccion
191,0.0,0.0,0.00043048438308324055,0.07662509666089068,0,con_restriccion
192,0.0,0.0,0.00043048438308324055,0.07662509666089068,0,con_restriccion
193,0.0,0.0,0.00043048438308324055,0.07662509666089068,0,con_restriccion
194,0.0,0.0,0.00043048438308324055,0.07662509666089068,0,con_restriccion
195,0.0,0.0,0.00043048438308324055,0.07662509666089068,0,con_restriccion
196,0.0,0.0,0.00043048438308324055,0.07662509666089068,0,con_restriccion
197,0.0,0.0,0.00043048438308324055,0.07662509666089068,0,con_restriccion
198,0.0,0.0,0.00043048438308324055,0.07662509666089068,0,con_restriccion
199,0.0,0.0,0.00043048438308324055,0.07662509666089068,0,con_restriccion
200,0.0,0.0,0.00043048438308324055,0.07662509666089068,0,con_restriccion
201,0.0,0.0,0.00043048438308324055,0.07662509666089068,0,con_restriccion
202,0.0,0.0,0.00043048438308324055,0.07662509666089068,0,con_restriccion
203,0.0,0.0,0.00043048438308324055,0.07662509666089068,0,con_restriccion
204,0.0,0.0,0.00043048438308324055,0.07662509666089068,0,con_restriccion
205,0.0,0.0,0.00043048438308324055,0.07662509666089068,0,con_restriccion
206,0.0,0.0,0.00043048438308324055,0.07662509666089068,0,con_restriccion
207,0.0,0.0,0.00043048438308324055,0.07662509666089068,0,con_restriccion
208,0.0,0.0,0.00043048438308324055,0.07662509666089068,0,con_restriccion
209,0.0,0.0,0.00043048438308324055,0.07662509666089068,0,con_restriccion
210,0.0,0.0,0.00043048438308324055,0.07662509666089068,0,con_restriccion
211,0.0,0.0,0.00043048438308324055,0.07662509666089068,0,con_restriccion
212,0.0,0.0,0.00043048438308324055,0.07662509666089068,0,con_restriccion
213,0.0,0.0,0.00043048438308324055,0.07662509666089068,0,con_restriccion
214,0.0,0.0,0.00043048438308324055,0.07662509666089068,0,con_restriccion
215,0.0,0.0,0.00043048438308324055,0.07662509666089068,0,con_restriccion
216,0.0,0.0,0.00043048438308324055,0.07662509666089068,0,con_restriccion
217,0.0,0.0,0.00043048438308324055,0.07662509666089068,0,con_restriccion
218,0.0,0.0,0.00043048438308324055,0.07662509666089068,0,con_restriccion
219,0.0,0.0,0.00043048438308324055,0.07662509666089068,0,con_restriccion
220,0.0,0.0,0.00043048438308324055,0.07662509666089068,0,con_restriccion
221,0.0,0.0,0.00043048438308324055,0.07662509666089068,0,con_restriccion
222,0.0,0.0,0.00043048438308324055,0.07662509666089068,0,con_restriccion
223,0.0,0.0,0.00043048438308324055,0.07662509666089068,0,con_restriccion
224,0.0,0.0,0.00043048438308324055,0.07662509666089068,0,con_restriccion
225,0.0,0.0,0.00043048438308324055,0.07662509666089068,0,con_restriccion
226,0.0,0.0,0.00043048438308324055,0.07662509666089068,0,con_restriccion
227,0.0,0.0,0.00043048438308324055,0.07662509666089068,0,con_restriccion
228,0.0,0.0,0.00043048438308324055,0.07662509666089068,0,con_restriccion
229,0.0,0.0,0.00043048438308324055,0.07662509666089068,0,con_restriccion
230,0.0,0.0,0.00043048438308324055,0.07662509666089068,0,con_restriccion
231,0.0,0.0,0.00043048438308324055,0.07662509666089068,0,con_restriccion
232,0.0,0.0,0.00043048438308324055,0.07662509666089068,0,con_restriccion
233,0.0,0.0,0.00043048438308324055,0.07662509666089068,0,con_restriccion
234,0.0,0.0,0.00043048438308324055,0.07662509666089068,0,con_restriccion
235,0.0,0.0,0.00043048438308324055,0.07662509666089068,0,con_restriccion
236,0.0,0.0,0.00043048438308324055,0.07662509666089068,0,con_restriccion
237,0.0,0.0,0.00043048438308324055,0.07662509666089068,0,con_restriccion
238,0.0,0.0,0.00043048438308324055,0.07662509666089068,0,con_restriccion
239,0.0,0.0,0.00043048438308324055,0.07662509666089068,0,con_restriccion
240,0.0,0.0,0.00043048438308324055,0.07662509666089068,0,con_restriccion
241,0.0,0.0,0.00043048438308324055,0.07662509666089068,0,con_restriccion
242,0.0,0.0,0.00043048438308324055,0.07662509666089068,0,con_restriccion
243,0.0,0.0,0.00043048438308324055,0.07662509666089068,0,con_restriccion
244,0.0,0.0,0.00043048438308324055,0.07662509666089068,0,con_restriccion
245,0.0,0.0,0.00043048438308324055,0.07662509666089068,0,con_restriccion
246,0.0,0.0,0.00043048438308324055,0.07662509666089068,0,con_restriccion
247,0.0,0.0,0.00043048438308324055,0.07662509666089068,0,con_restriccion
248,0.0,0.0,0.00043048438308324055,0.07662509666089068,0,con_restriccion
249,0.0,0.0,0.00043048438308324055,0.07662509666089068,0,con_restriccion
250,0.0,0.0,0.00043048438308324055,0.07662509666089068,0,con_restriccion
251,0.0,0.0,0.00043048438308324055,0.07662509666089068,0,con_restriccion
252,0.0,0.0,0.00043048438308324055,0.07662509666089068,0,con_restriccion
253,0.0,0.0,0.00043048438308324055,0.07662509666089068,0,con_restriccion
254,0.0,0.0,0.00043048438308324055,0.07662509666089068,0,con_restriccion
255,0.0,0.0,0.00043048438308324055,0.07662509666089068,0,con_restriccion
256,0.0,0.0,0.00043048438308324055,0.07662509666089068,0,con_restriccion
257,0.0,0.0,0.00043048438308324055,0.07662509666089068,0,con_restriccion
258,0.0,0.0,0.00043048438308324055,0.07662509666089068,0,con_restriccion
259,0.0,0.0,0.00043048438308324055,0.07662509666089068,0,con_restriccion
260,0.0,0.0,0.00043048438308324055,0.07662509666089068,0,con_restriccion
261,0.0,0.0,0.00043048438308324055,0.07662509666089068,0,con_restriccion
262,0.0,0.0,0.00043048438308324055,0.07662509666089068,0,con_restriccion
263,0.0,0.0,0.00043048438308324055,0.07662509666089068,0,con_restriccion
264,0.0,0.0,0.00043048438308324055,0.07662509666089068,0,con_restriccion
265,0.0,0.0,0.00043048438308324055,0.07662509666089068,0,con_restriccion
266,0.0,0.0,0.00043048438308324055,0.07662509666089068,0,con_restriccion
267,0.0,0.0,0.00043048438308324055,0.07662509666089068,0,con_restriccion
268,0.0,0.0,0.00043048438308324055,0.07662509666089068,0,con_restriccion
269,0.0,0.0,0.00043048438308324055,0.07662509666089068,0,con_restriccion
270,0.0,0.0,0.00043048438308324055,0.07662509666089068,0,con_restriccion
271,0.0,0.0,0.00043048438308324055,0.07662509666089068,0,con_restriccion
272,0.0,0.0,0.00043048438308324055,0.07662509666089068,0,con_restriccion
273,0.0,0.0,0.00043048438308324055,0.07662509666089068,0,con_restriccion
274,0.0,0.0,0.00043048438308324055,0.07662509666089068,0,con_restriccion
275,0.0,0.0,0.00043048438308324055,0.07662509666089068,0,con_restriccion
276,0.0,0.0,0.00043048438308324055,0.07662509666089068,0,con_restriccion
277,0.0,0.0,0.00043048438308324055,0.07662509666089068,0,con_restriccion
278,0.0,0.0,0.00043048438308324055,0.07662509666089068,0,con_restriccion
279,0.0,0.0,0.00043048438308324055,0.07662509666089068,0,con_restriccion
280,0.0,0.0,0.00043048438308324055,0.07662509666089068,0,con_restriccion
281,0.0,0.0,0.00043048438308324055,0.07662509666089068,0,con_restriccion
282,0.0,0.0,0.00043048438308324055,0.07662509666089068,0,con_restriccion
283,0.0,0.0,0.00043048438308324055,0.07662509666089068,0,con_restriccion
284,0.0,0.0,0.00043048438308324055,0.07662509666089068,0,con_restriccion
285,0.0,0.0,0.00043048438308324055,0.07662509666089068,0,con_restriccion
286,0.0,0.0,0.00043048438308324055,0.07662509666089068,0,con_restriccion
287,0.0,0.0,0.00043048438308324055,0.07662509666089068,0,con_restriccion
288,0.0,0.0,0.00043048438308324055,0.07662509666089068,0,con_restriccion
289,0.0,0.0,0.00043048438308324055,0.07662509666089068,0,con_restriccion
290,0.0,0.0,0.00043048438308324055,0.07662509666089068,0,con_restriccion
291,0.0,0.0,0.00043048438308324055,0.07662509666089068,0,con_restriccion
292,0.0,0.0,0.00043048438308324055,0.07662509666089068,0,con_restriccion
293,0.0,0.0,0.00043048438308324055,0.07662509666089068,0,con_restriccion
294,0.0,0.0,0.00043048438308324055,0.07662509666089068,0,con_restriccion
295,0.0,0.0,0.00043048438308324055,0.07662509666089068,0,con_restriccion
296,0.0,0.0,0.00043048438308324055,0.07662509666089068,0,con_restriccion
297,0.0,0.0,0.00043048438308324055,0.07662509666089068,0,con_restriccion
298,0.0,0.0,0.00043048438308324055,0.07662509666089068,0,con_restriccion
299,0.0,0.0,0.00043048438308324055,0.07662509666089068,0,con_restriccion
300,0.0,0.0,0.00043048438308324055,0.07662509666089068,0,con_restriccion
301,0.0,0.0,0.00043048438308324055,0.07662509666089068,0,con_restriccion
302,0.0,0.0,0.00043048438308324055,0.07662509666089068,0,con_restriccion
303,0.0,0.0,0.00043048438308324055,0.07662509666089068,0,con_restriccion
304,0.0,0.0,0.00043048438308324055,0.07662509666089068,0,con_restriccion
305,0.0,0.0,0.00043048438308324055,0.07662509666089068,0,con_restriccion
306,0.0,0.0,0.00043048438308324055,0.07662509666089068,0,con_restriccion
307,0.0,0.0,0.00043048438308324055,0.07662509666089068,0,con_restriccion
308,0.0,0.0,0.00043048438308324055,0.07662509666089068,0,con_restriccion
309,0.0,0.0,0.00043048438308324055,0.07662509666089068,0,con_restriccion
310,0.0,0.0,0.00043048438308324055,0.07662509666089068,0,con_restriccion
311,0.0,0.0,0.00043048438308324055,0.07662509666089068,0,con_restriccion
312,0.0,0.0,0.00043048438308324055,0.07662509666089068,0,con_restriccion
313,0.0,0.0,0.00043048438308324055,0.07662509666089068,0,con_restriccion
314,0.0,0.0,0.00043048438308324055,0.07662509666089068,0,con_restriccion
315,0.0,0.0,0.00043048438308324055,0.07662509666089068,0,con_restriccion
316,0.0,0.0,0.00043048438308324055,0.07662509666089068,0,con_restriccion
317,0.0,0.0,0.00043048438308324055,0.07662509666089068,0,con_restriccion
318,0.0,0.0,0.00043048438308324055,0.07662509666089068,0,con_restriccion
319,0.0,0.0,0.00043048438308324055,0.07662509666089068,0,con_restriccion
320,0.0,0.0,0.00043048438308324055,0.07662509666089068,0,con_restriccion
321,0.0,0.0,0.00043048438308324055,0.07662509666089068,0,con_restriccion
322,0.0,0.0,0.00043048438308324055,0.07662509666089068,0,con_restriccion
323,0.0,0.0,0.00043048438308324055,0.07662509666089068,0,con_restriccion
324,0.0,0.0,0.00043048438308324055,0.07662509666089068,0,con_restriccion
325,0.0,0.0,0.00043048438308324055,0.07662509666089068,0,con_restriccion
326,0.0,0.0,0.00043048438308324055,0.07662509666089068,0,con_restriccion
327,0.0,0.0,0.00043048438308324055,0.07662509666089068,0,con_restriccion
328,0.0,0.0,0.00043048438308324055,0.07662509666089068,0,con_restriccion
329,0.0,0.0,0.00043048438308324055,0.07662509666089068,0,con_restriccion
330,0.0,0.0,0.00043048438308324055,0.07662509666089068,0,con_restriccion
331,0.0,0.0,0.00043048438308324055,0.07662509666089068,0,con_restriccion
332,0.0,0.0,0.00043048438308324055,0.07662509666089068,0,con_restriccion
333,0.0,0.0,0.00043048438308324055,0.07662509666089068,0,con_restriccion
334,0.0,0.0,0.00043048438308324055,0.07662509666089068,0,con_restriccion
335,0.0,0.0,0.00043048438308324055,0.07662509666089068,0,con_restriccion
336,0.0,0.0,0.00043048438308324055,0.07662509666089068,0,con_restriccion
337,0.0,0.0,0.00043048438308324055,0.07662509666089068,0,con_restriccion
338,0.0,0.0,0.00043048438308324055,0.07662509666089068,0,con_restriccion
339,0.0,0.0,0.00043048438308324055,0.07662509666089068,0,con_restriccion
340,0.0,0.0,0.00043048438308324055,0.07662509666089068,0,con_restriccion
341,0.0,0.0,0.00043048438308324055,0.07662509666089068,0,con_restriccion
342,0.0,0.0,0.00043048438308324055,0.07662509666089068,0,con_restriccion
343,0.0,0.0,0.00043048438308324055,0.07662509666089068,0,con_restriccion
344,0.0,0.0,0.00043048438308324055,0.07662509666089068,0,con_restriccion
345,0.0,0.0,0.00043048438308324055,0.07662509666089068,0,con_restriccion
346,0.0,0.0,0.00043048438308324055,0.07662509666089068,0,con_restriccion
347,0.0,0.0,0.00043048438308324055,0.07662509666089068,0,con_restriccion
348,0.0,0.0,0.00043048438308324055,0.07662509666089068,0,con_restriccion
349,0.0,0.0,0.00043048438308324055,0.07662509666089068,0,con_restriccion
350,0.0,0.0,0.00043048438308324055,0.07662509666089068,0,con_restriccion
351,0.0,0.0,0.00043048438308324055,0.07662509666089068,0,con_restriccion
352,0.0,0.0,0.00043048438308324055,0.07662509666089068,0,con_restriccion
353,0.0,0.0,0.00043048438308324055,0.07662509666089068,0,con_restriccion
354,0.0,0.0,0.00043048438308324055,0.07662509666089068,0,con_restriccion
355,0.0,0.0,0.00043048438308324055,0.07662509666089068,0,con_restriccion
356,0.0,0.0,0.00043048438308324055,0.07662509666089068,0,con_restriccion
357,0.0,0.0,0.00043048438308324055,0.07662509666089068,0,con_restriccion
358,0.0,0.0,0.00043048438308324055,0.07662509666089068,0,con_restriccion
359,0.0,0.0,0.00043048438308324055,0.07662509666089068,0,con_restriccion
360,0.0,0.0,0.00043048438308324055,0.07662509666089068,0,con_restriccion
361,0.0,0.0,0.00043048438308324055,0.07662509666089068,0,con_restriccion
362,0.0,0.0,0.00043048438308324055,0.07662509666089068,0,con_restriccion
363,0.0,0.0,0.00043048438308324055,0.07662509666089068,0,con_restriccion
364,0.0,0.0,0.00043048438308324055,0.07662509666089068,0,con_restriccion
365,0.0,0.0,0.00043048438308324055,0.07662509666089068,0,con_restriccion
366,0.0,0.0,0.00043048438308324055,0.07662509666089068,0,con_restriccion
367,0.0,0.0,0.00043048438308324055,0.07662509666089068,0,con_restriccion
368,0.0,0.0,0.00043048438308324055,0.07662509666089068,0,con_restriccion
369,0.0,0.0,0.00043048438308324055,0.07662509666089068,0,con_restriccion
370,0.0,0.0,0.00043048438308324055,0.07662509666089068,0,con_restriccion
371,0.0,0.0,0.00043048438308324055,0.07662509666089068,0,con_restriccion
372,0.0,0.0,0.00043048438308324055,0.07662509666089068,0,con_restriccion
373,0.0,0.0,0.00043048438308324055,0.07662509666089068,0,con_restriccion
374,0.0,0.0,0.00043048438308324055,0.07662509666089068,0,con_restriccion
375,0.0,0.0,0.00043048438308324055,0.07662509666089068,0,con_restriccion
376,0.0,0.0,0.00043048438308324055,0.07662509666089068,0,con_restriccion
377,0.0,0.0,0.00043048438308324055,0.07662509666089068,0,con_restriccion
378,0.0,0.0,0.00043048438308324055,0.07662509666089068,0,con_restriccion
379,0.0,0.0,0.00043048438308324055,0.07662509666089068,0,con_restriccion
380,0.0,0.0,0.00043048438308324055,0.07662509666089068,0,con_restriccion
381,0.0,0.0,0.00043048438308324055,0.07662509666089068,0,con_restriccion
382,0.0,0.0,0.00043048438308324055,0.07662509666089068,0,con_restriccion
383,0.0,0.0,0.00043048438308324055,0.07662509666089068,0,con_restriccion
384,0.0,0.0,0.00043048438308324055,0.07662509666089068,0,con_restriccion
385,0.0,0.0,0.00043048438308324055,0.07662509666089068,0,con_restriccion
386,0.0,0.0,0.00043048438308324055,0.07662509666089068,0,con_restriccion
387,0.0,0.0,0.00043048438308324055,0.07662509666089068,0,con_restriccion
388,0.0,0.0,0.00043048438308324055,0.07662509666089068,0,con_restriccion
389,0.0,0.0,0.00043048438308324055,0.07662509666089068,0,con_restriccion
390,0.0,0.0,0.00043048438308324055,0.07662509666089068,0,con_restriccion
391,0.0,0.0,0.00043048438308324055,0.07662509666089068,0,con_restriccion
392,0.0,0.0,0.00043048438308324055,0.07662509666089068,0,con_restriccion
393,0.0,0.0,0.00043048438308324055,0.07662509666089068,0,con_restriccion
394,0.0,0.0,0.00043048438308324055,0.07662509666089068,0,con_restriccion
395,0.0,0.0,0.00043048438308324055,0.07662509666089068,0,con_restriccion
396,0.0,0.0,0.00043048438308324055,0.07662509666089068,0,con_restriccion
397,0.0,0.0,0.00043048438308324055,0.07662509666089068,0,con_restriccion
398,0.0,0.0,0.00043048438308324055,0.07662509666089068,0,con_restriccion
399,0.0,0.0,0.00043048438308324055,0.07662509666089068,0,con_restriccion
400,0.0,0.0,0.00043048438308324055,0.07662509666089068,0,con_restriccion
401,0.0,0.0,0.00043048438308324055,0.07662509666089068,0,con_restriccion
402,0.0,0.0,0.00043048438308324055,0.07662509666089068,0,con_restriccion
403,0.0,0.0,0.00043048438308324055,0.07662509666089068,0,con_restriccion
404,0.0,0.0,0.00043048438308324055,0.07662509666089068,0,con_restriccion
405,0.0,0.0,0.00043048438308324055,0.07662509666089068,0,con_restriccion
406,0.0,0.0,0.00043048438308324055,0.07662509666089068,0,con_restriccion
407,0.0,0.0,0.00043048438308324055,0.07662509666089068,0,con_restriccion
408,0.0,0.0,0.00043048438308324055,0.07662509666089068,0,con_restriccion
409,0.0,0.0,0.00043048438308324055,0.07662509666089068,0,con_restriccion
410,0.0,0.0,0.00043048438308324055,0.07662509666089068,0,con_restriccion
411,0.0,0.0,0.00043048438308324055,0.07662509666089068,0,con_restriccion
412,0.0,0.0,0.00043048438308324055,0.07662509666089068,0,con_restriccion
413,0.0,0.0,0.00043048438308324055,0.07662509666089068,0,con_restriccion
414,0.0,0.0,0.00043048438308324055,0.07662509666089068,0,con_restriccion
415,0.0,0.0,0.00043048438308324055,0.07662509666089068,0,con_restriccion
416,0.0,0.0,0.00043048438308324055,0.07662509666089068,0,con_restriccion
417,0.0,0.0,0.00043048438308324055,0.07662509666089068,0,con_restriccion
418,0.0,0.0,0.00043048438308324055,0.07662509666089068,0,con_restriccion
419,0.0,0.0,0.00043048438308324055,0.07662509666089068,0,con_restriccion
420,0.0,0.0,0.00043048438308324055,0.07662509666089068,0,con_restriccion
421,0.0,0.0,0.00043048438308324055,0.07662509666089068,0,con_restriccion
422,0.0,0.0,0.00043048438308324055,0.07662509666089068,0,con_restriccion
423,0.0,0.0,0.00043048438308324055,0.07662509666089068,0,con_restriccion
424,0.0,0.0,0.00043048438308324055,0.07662509666089068,0,con_restriccion
425,0.0,0.0,0.00043048438308324055,0.07662509666089068,0,con_restriccion
426,0.0,0.0,0.00043048438308324055,0.07662509666089068,0,con_restriccion
427,0.0,0.0,0.00043048438308324055,0.07662509666089068,0,con_restriccion
428,0.0,0.0,0.00043048438308324055,0.07662509666089068,0,con_restriccion
429,0.0,0.0,0.00043048438308324055,0.07662509666089068,0,con_restriccion
430,0.0,0.0,0.00043048438308324055,0.07662509666089068,0,con_restriccion
431,0.0,0.0,0.00043048438308324055,0.07662509666089068,0,con_restriccion
432,0.0,0.0,0.00043048438308324055,0.07662509666089068,0,con_restriccion
433,0.0,0.0,0.00043048438308324055,0.07662509666089068,0,con_restriccion
434,0.0,0.0,0.00043048438308324055,0.07662509666089068,0,con_restriccion
435,0.0,0.0,0.00043048438308324055,0.07662509666089068,0,con_restriccion
436,0.0,0.0,0.00043048438308324055,0.07662509666089068,0,con_restriccion
437,0.0,0.0,0.00043048438308324055,0.07662509666089068,0,con_restriccion
438,0.0,0.0,0.00043048438308324055,0.07662509666089068,0,con_restriccion
439,0.0,0.0,0.00043048438308324055,0.07662509666089068,0,con_restriccion
440,0.0,0.0,0.00043048438308324055,0.07662509666089068,0,con_restriccion
441,0.0,0.0,0.00043048438308324055,0.07662509666089068,0,con_restriccion
442,0.0,0.0,0.00043048438308324055,0.07662509666089068,0,con_restriccion
443,0.0,0.0,0.00043048438308324055,0.07662509666089068,0,con_restriccion
444,0.0,0.0,0.00043048438308324055,0.07662509666089068,0,con_restriccion
445,0.0,0.0,0.00043048438308324055,0.07662509666089068,0,con_restriccion
446,0.0,0.0,0.00043048438308324055,0.07662509666089068,0,con_restriccion
447,0.0,0.0,0.00043048438308324055,0.07662509666089068,0,con_restriccion
448,0.0,0.0,0.00043048438308324055,0.07662509666089068,0,con_restriccion
449,0.0,0.0,0.00043048438308324055,0.07662509666089068,0,con_restriccion
450,0.0,0.0,0.00043048438308324055,0.07662509666089068,0,con_restriccion
451,0.0,0.0,0.00043048438308324055,0.07662509666089068,0,con_restriccion
452,0.0,0.0,0.00043048438308324055,0.07662509666089068,0,con_restriccion
453,0.0,0.0,0.00043048438308324055,0.07662509666089068,0,con_restriccion
454,0.0,0.0,0.00043048438308324055,0.07662509666089068,0,con_restriccion
455,0.0,0.0,0.00043048438308324055,0.07662509666089068,0,con_restriccion
456,0.0,0.0,0.00043048438308324055,0.07662509666089068,0,con_restriccion
457,0.0,0.0,0.00043048438308324055,0.07662509666089068,0,con_restriccion
458,0.0,0.0,0.00043048438308324055,0.07662509666089068,0,con_restriccion
459,0.0,0.0,0.00043048438308324055,0.07662509666089068,0,con_restriccion
460,0.0,0.0,0.00043048438308324055,0.07662509666089068,0,con_restriccion
461,0.0,0.0,0.00043048438308324055,0.07662509666089068,0,con_restriccion
462,0.0,0.0,0.00043048438308324055,0.07662509666089068,0,con_restriccion
463,0.0,0.0,0.00043048438308324055,0.07662509666089068,0,con_restriccion
464,0.0,0.0,0.00043048438308324055,0.07662509666089068,0,con_restriccion
465,0.0,0.0,0.00043048438308324055,0.07662509666089068,0,con_restriccion
466,0.0,0.0,0.00043048438308324055,0.07662509666089068,0,con_restriccion
467,0.0,0.0,0.00043048438308324055,0.07662509666089068,0,con_restriccion
468,0.0,0.0,0.00043048438308324055,0.07662509666089068,0,con_restriccion
469,0.0,0.0,0.00043048438308324055,0.07662509666089068,0,con_restriccion
470,0.0,0.0,0.00043048438308324055,0.07662509666089068,0,con_restriccion
471,0.0,0.0,0.00043048438308324055,0.07662509666089068,0,con_restriccion
472,0.0,0.0,0.00043048438308324055,0.07662509666089068,0,con_restriccion
473,0.0,0.0,0.00043048438308324055,0.07662509666089068,0,con_restriccion
474,0.0,0.0,0.00043048438308324055,0.07662509666089068,0,con_restriccion
475,0.0,0.0,0.00043048438308324055,0.07662509666089068,0,con_restriccion
476,0.0,0.0,0.00043048438308324055,0.07662509666089068,0,con_restriccion
477,0.0,0.0,0.00043048438308324055,0.07662509666089068,0,con_restriccion
478,0.0,0.0,0.00043048438308324055,0.07662509666089068,0,con_restriccion
479,0.0,0.0,0.00043048438308324055,0.07662509666089068,0,con_restriccion
480,0.0,0.0,0.00043048438308324055,0.07662509666089068,0,con_restriccion
481,0.0,0.0,0.00043048438308324055,0.07662509666089068,0,con_restriccion
482,0.0,0.0,0.00043048438308324055,0.07662509666089068,0,con_restriccion
483,0.0,0.0,0.00043048438308324055,0.07662509666089068,0,con_restriccion
484,0.0,0.0,0.00043048438308324055,0.07662509666089068,0,con_restriccion
485,0.0,0.0,0.00043048438308324055,0.07662509666089068,0,con_restriccion
486,0.0,0.0,0.00043048438308324055,0.07662509666089068,0,con_restriccion
487,0.0,0.0,0.00043048438308324055,0.07662509666089068,0,con_restriccion
488,0.0,0.0,0.00043048438308324055,0.07662509666089068,0,con_restriccion
489,0.0,0.0,0.00043048438308324055,0.07662509666089068,0,con_restriccion
490,0.0,0.0,0.00043048438308324055,0.07662509666089068,0,con_restriccion
491,0.0,0.0,0.00043048438308324055,0.07662509666089068,0,con_restriccion
492,0.0,0.0,0.00043048438308324055,0.07662509666089068,0,con_restriccion
493,0.0,0.0,0.00043048438308324055,0.07662509666089068,0,con_restriccion
494,0.0,0.0,0.00043048438308324055,0.07662509666089068,0,con_restriccion
495,0.0,0.0,0.00043048438308324055,0.07662509666089068,0,con_restriccion
496,0.0,0.0,0.00043048438308324055,0.07662509666089068,0,con_restriccion
497,0.0,0.0,0.00043048438308324055,0.07662509666089068,0,con_restriccion
498,0.0,0.0,0.00043048438308324055,0.07662509666089068,0,con_restriccion
499,0.0,0.0,0.00043048438308324055,0.07662509666089068,0,con_restriccion
500,0.0,0.0,0.00043048438308324055,0.07662509666089068,0,con_restriccion
1,0.3369783696131232,0.0,0.5631545296350979,90.85679636210988,3,sin_restriccion
2,0.14737831301879903,0.0,0.2500155243474079,84.28087071711106,3,sin_restriccion
3,0.06458421659417492,0.0,0.11111077359516863,16.10382266521569,3,sin_restriccion
4,0.028315912007430485,0.0,0.049678005666397906,4.712115941581552,3,sin_restriccion
5,0.01242169849640545,0.0,0.022503611358907882,2.158963331103653,3,sin_restriccion
6,0.0054667295009657516,0.0,0.010442858890384654,1.0070045563329328,3,sin_restriccion
7,0.0024407405260993475,0.0,0.005048288518760602,1.2142876363776374,3,sin_restriccion
8,0.0011473213894093828,0.0,0.002599278413664141,1.235134853075377,3,sin_restriccion
9,0.0006167655448687353,0.0,0.0014576729605668692,1.1218675215832026,2,sin_restriccion
10,0.0003931559475096261,0.0,0.0008729043707260686,0.8422045185318685,2,sin_restriccion
11,0.0001785747426310267,0.0,0.0009814188649521771,0.42005162168251964,1,sin_restriccion
12,8.928737131551826e-05,0.0,0.0010356761120651203,0.20976413321156154,1,sin_restriccion
13,0.0003236918348957072,0.0,0.0006128772728268839,0.6082874599450295,3,sin_restriccion
14,0.0001291508965314907,0.0,0.0006913583839260884,0.30359528055568136,1,sin_restriccion
15,6.457544826573799e-05,0.0,0.0007432296620664136,0.15166089846288586,1,sin_restriccion
16,3.228772413287881e-05,0.0,0.00077176824792069,0.0880772403261566,1,sin_restriccion
17,0.0,0.0,0.00077176824792069,0.0880772403261566,0,sin_restriccion
18,0.0,0.0,0.00077176824792069,0.0880772403261566,0,sin_restriccion
19,0.0,0.0,0.00077176824792069,0.0880772403261566,0,sin_restriccion
20,0.0,0.0,0.00077176824792069,0.0880772403261566,0,sin_restriccion
21,0.0,0.0,0.00077176824792069,0.0880772403261566,0,sin_restriccion
22,0.0,0.0,0.00077176824792069,0.0880772403261566,0,sin_restriccion
23,0.0,0.0,0.00077176824792069,0.0880772403261566,0,sin_restriccion
24,0.0,0.0,0.00077176824792069,0.0880772403261566,0,sin_restriccion
25,0.0,0.0,0.00077176824792069,0.0880772403261566,0,sin_restriccion
26,0.0,0.0,0.00077176824792069,0.0880772403261566,0,sin_restriccion
27,0.0,0.0,0.00077176824792069,0.0880772403261566,0,sin_restriccion
28,0.0,0.0,0.00077176824792069,0.0880772403261566,0,sin_restriccion
29,0.0,0.0,0.00077176824792069,0.0880772403261566,0,sin_restriccion
30,0.0,0.0,0.00077176824792069,0.0880772403261566,0,sin_restriccion
31,0.0,0.0,0.00077176824792069,0.0880772403261566,0,sin_restriccion
32,0.0,0.0,0.00077176824792069,0.0880772403261566,0,sin_restriccion
33,0.0,0.0,0.00077176824792069,0.0880772403261566,0,sin_restriccion
34,0.0,0.0,0.00077176824792069,0.0880772403261566,0,sin_restriccion
35,0.0,0.0,0.00077176824792069,0.0880772403261566,0,sin_restriccion
36,0.0,0.0,0.00077176824792069,0.0880772403261566,0,sin_restriccion
37,0.0,0.0,0.00077176824792069,0.0880772403261566,0,sin_restriccion
38,0.0,0.0,0.00077176824792069,0.0880772403261566,0,sin_restriccion
39,0.0,0.0,0.00077176824792069,0.0880772403261566,0,sin_restriccion
40,0.0,0.0,0.00077176824792069,0.0880772403261566,0,sin_restriccion
41,0.0,0.0,0.00077176824792069,0.0880772403261566,0,sin_restriccion
42,0.0,0.0,0.00077176824792069,0.0880772403261566,0,sin_restriccion
43,0.0,0.0,0.00077176824792069,0.0880772403261566,0,sin_restriccion
44,0.0,0.0,0.00077176824792069,0.0880772403261566,0,sin_restriccion
45,0.0,0.0,0.00077176824792069,0.0880772403261566,0,sin_restriccion
46,0.0,0.0,0.00077176824792069,0.0880772403261566,0,sin_restriccion
47,0.0,0.0,0.00077176824792069,0.0880772403261566,0,sin_restriccion
48,0.0,0.0,0.00077176824792069,0.0880772403261566,0,sin_restriccion
49,0.0,0.0,0.00077176824792069,0.0880772403261566,0,sin_restriccion
50,0.0,0.0,0.00077176824792069,0.0880772403261566,0,sin_restriccion
51,0.0,0.0,0.00077176824792069,0.0880772403261566,0,sin_restriccion
52,0.0,0.0,0.00077176824792069,0.0880772403261566,0,sin_restriccion
53,0.0,0.0,0.00077176824792069,0.0880772403261566,0,sin_restriccion
54,0.0,0.0,0.00077176824792069,0.0880772403261566,0,sin_restriccion
55,0.0,0.0,0.00077176824792069,0.0880772403261566,0,sin_restriccion
56,0.0,0.0,0.00077176824792069,0.0880772403261566,0,sin_restriccion
57,0.0,0.0,0.00077176824792069,0.0880772403261566,0,sin_restriccion
58,0.0,0.0,0.00077176824792069,0.0880772403261566,0,sin_restriccion
59,0.0,0.0,0.00077176824792069,0.0880772403261566,0,sin_restriccion
60,0.0,0.0,0.00077176824792069,0.0880772403261566,0,sin_restriccion
61,0.0,0.0,0.00077176824792069,0.0880772403261566,0,sin_restriccion
62,0.0,0.0,0.00077176824792069,0.0880772403261566,0,sin_restriccion
63,0.0,0.0,0.00077176824792069,0.0880772403261566,0,sin_restriccion
64,0.0,0.0,0.00077176824792069,0.0880772403261566,0,sin_restriccion
65,0.0,0.0,0.00077176824792069,0.0880772403261566,0,sin_restriccion
66,0.0,0.0,0.00077176824792069,0.0880772403261566,0,sin_restriccion
67,0.0,0.0,0.00077176824792069,0.0880772403261566,0,sin_restriccion
68,0.0,0.0,0.00077176824792069,0.0880772403261566,0,sin_restriccion
69,0.0,0.0,0.00077176824792069,0.0880772403261566,0,sin_restriccion
70,0.0,0.0,0.00077176824792069,0.0880772403261566,0,sin_restriccion
71,0.0,0.0,0.00077176824792069,0.0880772403261566,0,sin_restriccion
72,0.0,0.0,0.00077176824792069,0.0880772403261566,0,sin_restriccion
73,0.0,0.0,0.00077176824792069,0.0880772403261566,0,sin_restriccion
74,0.0,0.0,0.00077176824792069,0.0880772403261566,0,sin_restriccion
75,0.0,0.0,0.00077176824792069,0.0880772403261566,0,sin_restriccion
76,0.0,0.0,0.00077176824792069,0.0880772403261566,0,sin_restriccion
77,0.0,0.0,0.00077176824792069,0.0880772403261566,0,sin_restriccion
78,0.0,0.0,0.00077176824792069,0.0880772403261566,0,sin_restriccion
79,0.0,0.0,0.00077176824792069,0.0880772403261566,0,sin_restriccion
80,0.0,0.0,0.00077176824792069,0.0880772403261566,0,sin_restriccion
81,0.0,0.0,0.00077176824792069,0.0880772403261566,0,sin_restriccion
82,0.0,0.0,0.00077176824792069,0.0880772403261566,0,sin_restriccion
83,0.0,0.0,0.00077176824792069,0.0880772403261566,0,sin_restriccion
84,0.0,0.0,0.00077176824792069,0.0880772403261566,0,sin_restriccion
85,0.0,0.0,0.00077176824792069,0.0880772403261566,0,sin_restriccion
86,0.0,0.0,0.00077176824792069,0.0880772403261566,0,sin_restriccion
87,0.0,0.0,0.00077176824792069,0.0880772403261566,0,sin_restriccion
88,0.0,0.0,0.00077176824792069,0.0880772403261566,0,sin_restriccion
89,0.0,0.0,0.00077176824792069,0.0880772403261566,0,sin_restriccion
90,0.0,0.0,0.00077176824792069,0.0880772403261566,0,sin_restriccion
91,0.0,0.0,0.00077176824792069,0.0880772403261566,0,sin_restriccion
92,0.0,0.0,0.00077176824792069,0.0880772403261566,0,sin_restriccion
93,0.0,0.0,0.00077176824792069,0.0880772403261566,0,sin_restriccion
94,0.0,0.0,0.00077176824792069,0.0880772403261566,0,sin_restriccion
95,0.0,0.0,0.00077176824792069,0.0880772403261566,0,sin_restriccion
96,0.0,0.0,0.00077176824792069,0.0880772403261566,0,sin_restriccion
97,0.0,0.0,0.00077176824792069,0.0880772403261566,0,sin_restriccion
98,0.0,0.0,0.00077176824792069,0.0880772403261566,0,sin_restriccion
99,0.0,0.0,0.00077176824792069,0.0880772403261566,0,sin_restriccion
100,0.0,0.0,0.00077176824792069,0.0880772403261566,0,sin_restriccion
101,0.0,0.0,0.00077176824792069,0.0880772403261566,0,sin_restriccion
102,0.0,0.0,0.00077176824792069,0.0880772403261566,0,sin_restriccion
103,0.0,0.0,0.00077176824792069,0.0880772403261566,0,sin_restriccion
104,0.0,0.0,0.00077176824792069,0.0880772403261566,0,sin_restriccion
105,0.0,0.0,0.00077176824792069,0.0880772403261566,0,sin_restriccion
106,0.0,0.0,0.00077176824792069,0.0880772403261566,0,sin_restriccion
107,0.0,0.0,0.00077176824792069,0.0880772403261566,0,sin_restriccion
108,0.0,0.0,0.00077176824792069,0.0880772403261566,0,sin_restriccion
109,0.0,0.0,0.00077176824792069,0.0880772403261566,0,sin_restriccion
110,0.0,0.0,0.00077176824792069,0.0880772403261566,0,sin_restriccion
111,0.0,0.0,0.00077176824792069,0.0880772403261566,0,sin_restriccion
112,0.0,0.0,0.00077176824792069,0.0880772403261566,0,sin_restriccion
113,0.0,0.0,0.00077176824792069,0.0880772403261566,0,sin_restriccion
114,0.0,0.0,0.00077176824792069,0.0880772403261566,0,sin_restriccion
115,0.0,0.0,0.00077176824792069,0.0880772403261566,0,sin_restriccion
116,0.0,0.0,0.00077176824792069,0.0880772403261566,0,sin_restriccion
117,0.0,0.0,0.00077176824792069,0.0880772403261566,0,sin_restriccion
118,0.0,0.0,0.00077176824792069,0.0880772403261566,0,sin_restriccion
119,0.0,0.0,0.00077176824792069,0.0880772403261566,0,sin_restriccion
120,0.0,0.0,0.00077176824792069,0.0880772403261566,0,sin_restriccion
121,0.0,0.0,0.00077176824792069,0.0880772403261566,0,sin_restriccion
122,0.0,0.0,0.00077176824792069,0.0880772403261566,0,sin_restriccion
123,0.0,0.0,0.00077176824792069,0.0880772403261566,0,sin_restriccion
124,0.0,0.0,0.00077176824792069,0.0880772403261566,0,sin_restriccion
125,0.0,0.0,0.00077176824792069,0.0880772403261566,0,sin_restriccion
126,0.0,0.0,0.00077176824792069,0.0880772403261566,0,sin_restriccion
127,0.0,0.0,0.00077176824792069,0.0880772403261566,0,sin_restriccion
128,0.0,0.0,0.00077176824792069,0.0880772403261566,0,sin_restriccion
129,0.0,0.0,0.00077176824792069,0.0880772403261566,0,sin_restriccion
130,0.0,0.0,0.00077176824792069,0.0880772403261566,0,sin_restriccion
131,0.0,0.0,0.00077176824792069,0.0880772403261566,0,sin_restriccion
132,0.0,0.0,0.00077176824792069,0.0880772403261566,0,sin_restriccion
133,0.0,0.0,0.00077176824792069,0.0880772403261566,0,sin_restriccion
134,0.0,0.0,0.00077176824792069,0.0880772403261566,0,sin_restriccion
135,0.0,0.0,0.00077176824792069,0.0880772403261566,0,sin_restriccion
136,0.0,0.0,0.00077176824792069,0.0880772403261566,0,sin_restriccion
137,0.0,0.0,0.00077176824792069,0.0880772403261566,0,sin_restriccion
138,0.0,0.0,0.00077176824792069,0.0880772403261566,0,sin_restriccion
139,0.0,0.0,0.00077176824792069,0.0880772403261566,0,sin_restriccion
140,0.0,0.0,0.00077176824792069,0.0880772403261566,0,sin_restriccion
141,0.0,0.0,0.00077176824792069,0.0880772403261566,0,sin_restriccion
142,0.0,0.0,0.00077176824792069,0.0880772403261566,0,sin_restriccion
143,0.0,0.0,0.00077176824792069,0.0880772403261566,0,sin_restriccion
144,0.0,0.0,0.00077176824792069,0.0880772403261566,0,sin_restriccion
145,0.0,0.0,0.00077176824792069,0.0880772403261566,0,sin_restriccion
146,0.0,0.0,0.00077176824792069,0.0880772403261566,0,sin_restriccion
147,0.0,0.0,0.00077176824792069,0.0880772403261566,0,sin_restriccion
148,0.0,0.0,0.00077176824792069,0.0880772403261566,0,sin_restriccion
149,0.0,0.0,0.00077176824792069,0.0880772403261566,0,sin_restriccion
150,0.0,0.0,0.00077176824792069,0.0880772403261566,0,sin_restriccion
151,0.0,0.0,0.00077176824792069,0.0880772403261566,0,sin_restriccion
152,0.0,0.0,0.00077176824792069,0.0880772403261566,0,sin_restriccion
153,0.0,0.0,0.00077176824792069,0.0880772403261566,0,sin_restriccion
154,0.0,0.0,0.00077176824792069,0.0880772403261566,0,sin_restriccion
155,0.0,0.0,0.00077176824792069,0.0880772403261566,0,sin_restriccion
156,0.0,0.0,0.00077176824792069,0.0880772403261566,0,sin_restriccion
157,0.0,0.0,0.00077176824792069,0.0880772403261566,0,sin_restriccion
158,0.0,0.0,0.00077176824792069,0.0880772403261566,0,sin_restriccion
159,0.0,0.0,0.00077176824792069,0.0880772403261566,0,sin_restriccion
160,0.0,0.0,0.00077176824792069,0.0880772403261566,0,sin_restriccion
161,0.0,0.0,0.00077176824792069,0.0880772403261566,0,sin_restriccion
162,0.0,0.0,0.00077176824792069,0.0880772403261566,0,sin_restriccion
163,0.0,0.0,0.00077176824792069,0.0880772403261566,0,sin_restriccion
164,0.0,0.0,0.00077176824792069,0.0880772403261566,0,sin_restriccion
165,0.0,0.0,0.00077176824792069,0.0880772403261566,0,sin_restriccion
166,0.0,0.0,0.00077176824792069,0.0880772403261566,0,sin_restriccion
167,0.0,0.0,0.00077176824792069,0.0880772403261566,0,sin_restriccion
168,0.0,0.0,0.00077176824792069,0.0880772403261566,0,sin_restriccion
169,0.0,0.0,0.00077176824792069,0.0880772403261566,0,sin_restriccion
170,0.0,0.0,0.00077176824792069,0.0880772403261566,0,sin_restriccion
171,0.0,0.0,0.00077176824792069,0.0880772403261566,0,sin_restriccion
172,0.0,0.0,0.00077176824792069,0.0880772403261566,0,sin_restriccion
173,0.0,0.0,0.00077176824792069,0.0880772403261566,0,sin_restriccion
174,0.0,0.0,0.00077176824792069,0.0880772403261566,0,sin_restriccion
175,0.0,0.0,0.00077176824792069,0.0880772403261566,0,sin_restriccion
176,0.0,0.0,0.00077176824792069,0.0880772403261566,0,sin_restriccion
177,0.0,0.0,0.00077176824792069,0.0880772403261566,0,sin_restriccion
178,0.0,0.0,0.00077176824792069,0.0880772403261566,0,sin_restriccion
179,0.0,0.0,0.00077176824792069,0.0880772403261566,0,sin_restriccion
180,0.0,0.0,0.00077176824792069,0.0880772403261566,0,sin_restriccion
181,0.0,0.0,0.00077176824792069,0.0880772403261566,0,sin_restriccion
182,0.0,0.0,0.00077176824792069,0.0880772403261566,0,sin_restriccion
183,0.0,0.0,0.00077176824792069,0.0880772403261566,0,sin_restriccion
184,0.0,0.0,0.00077176824792069,0.0880772403261566,0,sin_restriccion
185,0.0,0.0,0.00077176824792069,0.0880772403261566,0,sin_restriccion
186,0.0,0.0,0.00077176824792069,0.0880772403261566,0,sin_restriccion
187,0.0,0.0,0.00077176824792069,0.0880772403261566,0,sin_restriccion
188,0.0,0.0,0.00077176824792069,0.0880772403261566,0,sin_restriccion
189,0.0,0.0,0.00077176824792069,0.0880772403261566,0,sin_restriccion
190,0.0,0.0,0.00077176824792069,0.0880772403261566,0,sin_restriccion
191,0.0,0.0,0.00077176824792069,0.0880772403261566,0,sin_restriccion
192,0.0,0.0,0.00077176824792069,0.0880772403261566,0,sin_restriccion
193,0.0,0.0,0.00077176824792069,0.0880772403261566,0,sin_restriccion
194,0.0,0.0,0.00077176824792069,0.0880772403261566,0,sin_restriccion
195,0.0,0.0,0.00077176824792069,0.0880772403261566,0,sin_restriccion
196,0.0,0.0,0.00077176824792069,0.0880772403261566,0,sin_restriccion
197,0.0,0.0,0.00077176824792069,0.0880772403261566,0,sin_restriccion
198,0.0,0.0,0.00077176824792069,0.0880772403261566,0,sin_restriccion
199,0.0,0.0,0.00077176824792069,0.0880772403261566,0,sin_restriccion
200,0.0,0.0,0.00077176824792069,0.0880772403261566,0,sin_restriccion
201,0.0,0.0,0.00077176824792069,0.0880772403261566,0,sin_restriccion
202,0.0,0.0,0.00077176824792069,0.0880772403261566,0,sin_restriccion
203,0.0,0.0,0.00077176824792069,0.0880772403261566,0,sin_restriccion
204,0.0,0.0,0.00077176824792069,0.0880772403261566,0,sin_restriccion
205,0.0,0.0,0.00077176824792069,0.0880772403261566,0,sin_restriccion
206,0.0,0.0,0.00077176824792069,0.0880772403261566,0,sin_restriccion
207,0.0,0.0,0.00077176824792069,0.0880772403261566,0,sin_restriccion
208,0.0,0.0,0.00077176824792069,0.0880772403261566,0,sin_restriccion
209,0.0,0.0,0.00077176824792069,0.0880772403261566,0,sin_restriccion
210,0.0,0.0,0.00077176824792069,0.0880772403261566,0,sin_restriccion
211,0.0,0.0,0.00077176824792069,0.0880772403261566,0,sin_restriccion
212,0.0,0.0,0.00077176824792069,0.0880772403261566,0,sin_restriccion
213,0.0,0.0,0.00077176824792069,0.0880772403261566,0,sin_restriccion
214,0.0,0.0,0.00077176824792069,0.0880772403261566,0,sin_restriccion
215,0.0,0.0,0.00077176824792069,0.0880772403261566,0,sin_restriccion
216,0.0,0.0,0.00077176824792069,0.0880772403261566,0,sin_restriccion
217,0.0,0.0,0.00077176824792069,0.0880772403261566,0,sin_restriccion
218,0.0,0.0,0.00077176824792069,0.0880772403261566,0,sin_restriccion
219,0.0,0.0,0.00077176824792069,0.0880772403261566,0,sin_restriccion
220,0.0,0.0,0.00077176824792069,0.0880772403261566,0,sin_restriccion
221,0.0,0.0,0.00077176824792069,0.0880772403261566,0,sin_restriccion
222,0.0,0.0,0.00077176824792069,0.0880772403261566,0,sin_restriccion
223,0.0,0.0,0.00077176824792069,0.0880772403261566,0,sin_restriccion
224,0.0,0.0,0.00077176824792069,0.0880772403261566,0,sin_restriccion
225,0.0,0.0,0.00077176824792069,0.0880772403261566,0,sin_restriccion
226,0.0,0.0,0.00077176824792069,0.0880772403261566,0,sin_restriccion
227,0.0,0.0,0.00077176824792069,0.0880772403261566,0,sin_restriccion
228,0.0,0.0,0.00077176824792069,0.0880772403261566,0,sin_restriccion
229,0.0,0.0,0.00077176824792069,0.0880772403261566,0,sin_restriccion
230,0.0,0.0,0.00077176824792069,0.0880772403261566,0,sin_restriccion
231,0.0,0.0,0.00077176824792069,0.0880772403261566,0,sin_restriccion
232,0.0,0.0,0.00077176824792069,0.0880772403261566,0,sin_restriccion
233,0.0,0.0,0.00077176824792069,0.0880772403261566,0,sin_restriccion
234,0.0,0.0,0.00077176824792069,0.0880772403261566,0,sin_restriccion
235,0.0,0.0,0.00077176824792069,0.0880772403261566,0,sin_restriccion
236,0.0,0.0,0.00077176824792069,0.0880772403261566,0,sin_restriccion
237,0.0,0.0,0.00077176824792069,0.0880772403261566,0,sin_restriccion
238,0.0,0.0,0.00077176824792069,0.0880772403261566,0,sin_restriccion
239,0.0,0.0,0.00077176824792069,0.0880772403261566,0,sin_restriccion
240,0.0,0.0,0.00077176824792069,0.0880772403261566,0,sin_restriccion
241,0.0,0.0,0.00077176824792069,0.0880772403261566,0,sin_restriccion
242,0.0,0.0,0.00077176824792069,0.0880772403261566,0,sin_restriccion
243,0.0,0.0,0.00077176824792069,0.0880772403261566,0,sin_restriccion
244,0.0,0.0,0.00077176824792069,0.0880772403261566,0,sin_restriccion
245,0.0,0.0,0.00077176824792069,0.0880772403261566,0,sin_restriccion
246,0.0,0.0,0.00077176824792069,0.0880772403261566,0,sin_restriccion
247,0.0,0.0,0.00077176824792069,0.0880772403261566,0,sin_restriccion
248,0.0,0.0,0.00077176824792069,0.0880772403261566,0,sin_restriccion
249,0.0,0.0,0.00077176824792069,0.0880772403261566,0,sin_restriccion
250,0.0,0.0,0.00077176824792069,0.0880772403261566,0,sin_restriccion
251,0.0,0.0,0.00077176824792069,0.0880772403261566,0,sin_restriccion
252,0.0,0.0,0.00077176824792069,0.0880772403261566,0,sin_restriccion
253,0.0,0.0,0.00077176824792069,0.0880772403261566,0,sin_restriccion
254,0.0,0.0,0.00077176824792069,0.0880772403261566,0,sin_restriccion
255,0.0,0.0,0.00077176824792069,0.0880772403261566,0,sin_restriccion
256,0.0,0.0,0.00077176824792069,0.0880772403261566,0,sin_restriccion
257,0.0,0.0,0.00077176824792069,0.0880772403261566,0,sin_restriccion
258,0.0,0.0,0.00077176824792069,0.0880772403261566,0,sin_restriccion
259,0.0,0.0,0.00077176824792069,0.0880772403261566,0,sin_restriccion
260,0.0,0.0,0.00077176824792069,0.0880772403261566,0,sin_restriccion
261,0.0,0.0,0.00077176824792069,0.0880772403261566,0,sin_restriccion
262,0.0,0.0,0.00077176824792069,0.0880772403261566,0,sin_restriccion
263,0.0,0.0,0.00077176824792069,0.0880772403261566,0,sin_restriccion
264,0.0,0.0,0.00077176824792069,0.0880772403261566,0,sin_restriccion
265,0.0,0.0,0.00077176824792069,0.0880772403261566,0,sin_restriccion
266,0.0,0.0,0.00077176824792069,0.0880772403261566,0,sin_restriccion
267,0.0,0.0,0.00077176824792069,0.0880772403261566,0,sin_restriccion
268,0.0,0.0,0.00077176824792069,0.0880772403261566,0,sin_restriccion
269,0.0,0.0,0.00077176824792069,0.0880772403261566,0,sin_restriccion
270,0.0,0.0,0.00077176824792069,0.0880772403261566,0,sin_restriccion
271,0.0,0.0,0.00077176824792069,0.0880772403261566,0,sin_restriccion
272,0.0,0.0,0.00077176824792069,0.0880772403261566,0,sin_restriccion
273,0.0,0.0,0.00077176824792069,0.0880772403261566,0,sin_restriccion
274,0.0,0.0,0.00077176824792069,0.0880772403261566,0,sin_restriccion
275,0.0,0.0,0.00077176824792069,0.0880772403261566,0,sin_restriccion
276,0.0,0.0,0.00077176824792069,0.0880772403261566,0,sin_restriccion
277,0.0,0.0,0.00077176824792069,0.0880772403261566,0,sin_restriccion
278,0.0,0.0,0.00077176824792069,0.0880772403261566,0,sin_restriccion
279,0.0,0.0,0.00077176824792069,0.0880772403261566,0,sin_restriccion
280,0.0,0.0,0.00077176824792069,0.0880772403261566,0,sin_restriccion
281,0.0,0.0,0.00077176824792069,0.0880772403261566,0,sin_restriccion
282,0.0,0.0,0.00077176824792069,0.0880772403261566,0,sin_restriccion
283,0.0,0.0,0.00077176824792069,0.0880772403261566,0,sin_restriccion
284,0.0,0.0,0.00077176824792069,0.0880772403261566,0,sin_restriccion
285,0.0,0.0,0.00077176824792069,0.0880772403261566,0,sin_restriccion
286,0.0,0.0,0.00077176824792069,0.0880772403261566,0,sin_restriccion
287,0.0,0.0,0.00077176824792069,0.0880772403261566,0,sin_restriccion
288,0.0,0.0,0.00077176824792069,0.0880772403261566,0,sin_restriccion
289,0.0,0.0,0.00077176824792069,0.0880772403261566,0,sin_restriccion
290,0.0,0.0,0.00077176824792069,0.0880772403261566,0,sin_restriccion
291,0.0,0.0,0.00077176824792069,0.0880772403261566,0,sin_restriccion
292,0.0,0.0,0.00077176824792069,0.0880772403261566,0,sin_restriccion
293,0.0,0.0,0.00077176824792069,0.0880772403261566,0,sin_restriccion
294,0.0,0.0,0.00077176824792069,0.0880772403261566,0,sin_restriccion
295,0.0,0.0,0.00077176824792069,0.0880772403261566,0,sin_restriccion
296,0.0,0.0,0.00077176824792069,0.0880772403261566,0,sin_restriccion
297,0.0,0.0,0.00077176824792069,0.0880772403261566,0,sin_restriccion
298,0.0,0.0,0.00077176824792069,0.0880772403261566,0,sin_restriccion
299,0.0,0.0,0.00077176824792069,0.0880772403261566,0,sin_restriccion
300,0.0,0.0,0.00077176824792069,0.0880772403261566,0,sin_restriccion
301,0.0,0.0,0.00077176824792069,0.0880772403261566,0,sin_restriccion
302,0.0,0.0,0.00077176824792069,0.0880772403261566,0,sin_restriccion
303,0.0,0.0,0.00077176824792069,0.0880772403261566,0,sin_restriccion
304,0.0,0.0,0.00077176824792069,0.0880772403261566,0,sin_restriccion
305,0.0,0.0,0.00077176824792069,0.0880772403261566,0,sin_restriccion
306,0.0,0.0,0.00077176824792069,0.0880772403261566,0,sin_restriccion
307,0.0,0.0,0.00077176824792069,0.0880772403261566,0,sin_restriccion
308,0.0,0.0,0.00077176824792069,0.0880772403261566,0,sin_restriccion
309,0.0,0.0,0.00077176824792069,0.0880772403261566,0,sin_restriccion
310,0.0,0.0,0.00077176824792069,0.0880772403261566,0,sin_restriccion
311,0.0,0.0,0.00077176824792069,0.0880772403261566,0,sin_restriccion
312,0.0,0.0,0.00077176824792069,0.0880772403261566,0,sin_restriccion
313,0.0,0.0,0.00077176824792069,0.0880772403261566,0,sin_restriccion
314,0.0,0.0,0.00077176824792069,0.0880772403261566,0,sin_restriccion
315,0.0,0.0,0.00077176824792069,0.0880772403261566,0,sin_restriccion
316,0.0,0.0,0.00077176824792069,0.0880772403261566,0,sin_restriccion
317,0.0,0.0,0.00077176824792069,0.0880772403261566,0,sin_restriccion
318,0.0,0.0,0.00077176824792069,0.0880772403261566,0,sin_restriccion
319,0.0,0.0,0.00077176824792069,0.0880772403261566,0,sin_restriccion
320,0.0,0.0,0.00077176824792069,0.0880772403261566,0,sin_restriccion
321,0.0,0.0,0.00077176824792069,0.0880772403261566,0,sin_restriccion
322,0.0,0.0,0.00077176824792069,0.0880772403261566,0,sin_restriccion
323,0.0,0.0,0.00077176824792069,0.0880772403261566,0,sin_restriccion
324,0.0,0.0,0.00077176824792069,0.0880772403261566,0,sin_restriccion
325,0.0,0.0,0.00077176824792069,0.0880772403261566,0,sin_restriccion
326,0.0,0.0,0.00077176824792069,0.0880772403261566,0,sin_restriccion
327,0.0,0.0,0.00077176824792069,0.0880772403261566,0,sin_restriccion
328,0.0,0.0,0.00077176824792069,0.0880772403261566,0,sin_restriccion
329,0.0,0.0,0.00077176824792069,0.0880772403261566,0,sin_restriccion
330,0.0,0.0,0.00077176824792069,0.0880772403261566,0,sin_restriccion
331,0.0,0.0,0.00077176824792069,0.0880772403261566,0,sin_restriccion
332,0.0,0.0,0.00077176824792069,0.0880772403261566,0,sin_restriccion
333,0.0,0.0,0.00077176824792069,0.0880772403261566,0,sin_restriccion
334,0.0,0.0,0.00077176824792069,0.0880772403261566,0,sin_restriccion
335,0.0,0.0,0.00077176824792069,0.0880772403261566,0,sin_restriccion
336,0.0,0.0,0.00077176824792069,0.0880772403261566,0,sin_restriccion
337,0.0,0.0,0.00077176824792069,0.0880772403261566,0,sin_restriccion
338,0.0,0.0,0.00077176824792069,0.0880772403261566,0,sin_restriccion
339,0.0,0.0,0.00077176824792069,0.0880772403261566,0,sin_restriccion
340,0.0,0.0,0.00077176824792069,0.0880772403261566,0,sin_restriccion
341,0.0,0.0,0.00077176824792069,0.0880772403261566,0,sin_restriccion
342,0.0,0.0,0.00077176824792069,0.0880772403261566,0,sin_restriccion
343,0.0,0.0,0.00077176824792069,0.0880772403261566,0,sin_restriccion
344,0.0,0.0,0.00077176824792069,0.0880772403261566,0,sin_restriccion
345,0.0,0.0,0.00077176824792069,0.0880772403261566,0,sin_restriccion
346,0.0,0.0,0.00077176824792069,0.0880772403261566,0,sin_restriccion
347,0.0,0.0,0.00077176824792069,0.0880772403261566,0,sin_restriccion
348,0.0,0.0,0.00077176824792069,0.0880772403261566,0,sin_restriccion
349,0.0,0.0,0.00077176824792069,0.0880772403261566,0,sin_restriccion
350,0.0,0.0,0.00077176824792069,0.0880772403261566,0,sin_restriccion
351,0.0,0.0,0.00077176824792069,0.0880772403261566,0,sin_restriccion
352,0.0,0.0,0.00077176824792069,0.0880772403261566,0,sin_restriccion
353,0.0,0.0,0.00077176824792069,0.0880772403261566,0,sin_restriccion
354,0.0,0.0,0.00077176824792069,0.0880772403261566,0,sin_restriccion
355,0.0,0.0,0.00077176824792069,0.0880772403261566,0,sin_restriccion
356,0.0,0.0,0.00077176824792069,0.0880772403261566,0,sin_restriccion
357,0.0,0.0,0.00077176824792069,0.0880772403261566,0,sin_restriccion
358,0.0,0.0,0.00077176824792069,0.0880772403261566,0,sin_restriccion
359,0.0,0.0,0.00077176824792069,0.0880772403261566,0,sin_restriccion
360,0.0,0.0,0.00077176824792069,0.0880772403261566,0,sin_restriccion
361,0.0,0.0,0.00077176824792069,0.0880772403261566,0,sin_restriccion
362,0.0,0.0,0.00077176824792069,0.0880772403261566,0,sin_restriccion
363,0.0,0.0,0.00077176824792069,0.0880772403261566,0,sin_restriccion
364,0.0,0.0,0.00077176824792069,0.0880772403261566,0,sin_restriccion
365,0.0,0.0,0.00077176824792069,0.0880772403261566,0,sin_restriccion
366,0.0,0.0,0.00077176824792069,0.0880772403261566,0,sin_restriccion
367,0.0,0.0,0.00077176824792069,0.0880772403261566,0,sin_restriccion
368,0.0,0.0,0.00077176824792069,0.0880772403261566,0,sin_restriccion
369,0.0,0.0,0.00077176824792069,0.0880772403261566,0,sin_restriccion
370,0.0,0.0,0.00077176824792069,0.0880772403261566,0,sin_restriccion
371,0.0,0.0,0.00077176824792069,0.0880772403261566,0,sin_restriccion
372,0.0,0.0,0.00077176824792069,0.0880772403261566,0,sin_restriccion
373,0.0,0.0,0.00077176824792069,0.0880772403261566,0,sin_restriccion
374,0.0,0.0,0.00077176824792069,0.0880772403261566,0,sin_restriccion
375,0.0,0.0,0.00077176824792069,0.0880772403261566,0,sin_restriccion
376,0.0,0.0,0.00077176824792069,0.0880772403261566,0,sin_restriccion
377,0.0,0.0,0.00077176824792069,0.0880772403261566,0,sin_restriccion
378,0.0,0.0,0.00077176824792069,0.0880772403261566,0,sin_restriccion
379,0.0,0.0,0.00077176824792069,0.0880772403261566,0,sin_restriccion
380,0.0,0.0,0.00077176824792069,0.0880772403261566,0,sin_restriccion
381,0.0,0.0,0.00077176824792069,0.0880772403261566,0,sin_restriccion
382,0.0,0.0,0.00077176824792069,0.0880772403261566,0,sin_restriccion
383,0.0,0.0,0.00077176824792069,0.0880772403261566,0,sin_restriccion
384,0.0,0.0,0.00077176824792069,0.0880772403261566,0,sin_restriccion
385,0.0,0.0,0.00077176824792069,0.0880772403261566,0,sin_restriccion
386,0.0,0.0,0.00077176824792069,0.0880772403261566,0,sin_restriccion
387,0.0,0.0,0.00077176824792069,0.0880772403261566,0,sin_restriccion
388,0.0,0.0,0.00077176824792069,0.0880772403261566,0,sin_restriccion
389,0.0,0.0,0.00077176824792069,0.0880772403261566,0,sin_restriccion
390,0.0,0.0,0.00077176824792069,0.0880772403261566,0,sin_restriccion
391,0.0,0.0,0.00077176824792069,0.0880772403261566,0,sin_restriccion
392,0.0,0.0,0.00077176824792069,0.0880772403261566,0,sin_restriccion
393,0.0,0.0,0.00077176824792069,0.0880772403261566,0,sin_restriccion
394,0.0,0.0,0.00077176824792069,0.0880772403261566,0,sin_restriccion
395,0.0,0.0,0.00077176824792069,0.0880772403261566,0,sin_restriccion
396,0.0,0.0,0.00077176824792069,0.0880772403261566,0,sin_restriccion
397,0.0,0.0,0.00077176824792069,0.0880772403261566,0,sin_restriccion
398,0.0,0.0,0.00077176824792069,0.0880772403261566,0,sin_restriccion
399,0.0,0.0,0.00077176824792069,0.0880772403261566,0,sin_restriccion
400,0.0,0.0,0.00077176824792069,0.0880772403261566,0,sin_restriccion
401,0.0,0.0,0.00077176824792069,0.0880772403261566,0,sin_restriccion
402,0.0,0.0,0.00077176824792069,0.0880772403261566,0,sin_restriccion
403,0.0,0.0,0.00077176824792069,0.0880772403261566,0,sin_restriccion
404,0.0,0.0,0.00077176824792069,0.0880772403261566,0,sin_restriccion
405,0.0,0.0,0.00077176824792069,0.0880772403261566,0,sin_restriccion
406,0.0,0.0,0.00077176824792069,0.0880772403261566,0,sin_restriccion
407,0.0,0.0,0.00077176824792069,0.0880772403261566,0,sin_restriccion
408,0.0,0.0,0.00077176824792069,0.0880772403261566,0,sin_restriccion
409,0.0,0.0,0.00077176824792069,0.0880772403261566,0,sin_restriccion
410,0.0,0.0,0.00077176824792069,0.0880772403261566,0,sin_restriccion
411,0.0,0.0,0.00077176824792069,0.0880772403261566,0,sin_restriccion
412,0.0,0.0,0.00077176824792069,0.0880772403261566,0,sin_restriccion
413,0.0,0.0,0.00077176824792069,0.0880772403261566,0,sin_restriccion
414,0.0,0.0,0.00077176824792069,0.0880772403261566,0,sin_restriccion
415,0.0,0.0,0.00077176824792069,0.0880772403261566,0,sin_restriccion
416,0.0,0.0,0.00077176824792069,0.0880772403261566,0,sin_restriccion
417,0.0,0.0,0.00077176824792069,0.0880772403261566,0,sin_restriccion
418,0.0,0.0,0.00077176824792069,0.0880772403261566,0,sin_restriccion
419,0.0,0.0,0.00077176824792069,0.0880772403261566,0,sin_restriccion
420,0.0,0.0,0.00077176824792069,0.0880772403261566,0,sin_restriccion
421,0.0,0.0,0.00077176824792069,0.0880772403261566,0,sin_restriccion
422,0.0,0.0,0.00077176824792069,0.0880772403261566,0,sin_restriccion
423,0.0,0.0,0.00077176824792069,0.0880772403261566,0,sin_restriccion
424,0.0,0.0,0.00077176824792069,0.0880772403261566,0,sin_restriccion
425,0.0,0.0,0.00077176824792069,0.0880772403261566,0,sin_restriccion
426,0.0,0.0,0.00077176824792069,0.0880772403261566,0,sin_restriccion
427,0.0,0.0,0.00077176824792069,0.0880772403261566,0,sin_restriccion
428,0.0,0.0,0.00077176824792069,0.0880772403261566,0,sin_restriccion
429,0.0,0.0,0.00077176824792069,0.0880772403261566,0,sin_restriccion
430,0.0,0.0,0.00077176824792069,0.0880772403261566,0,sin_restriccion
431,0.0,0.0,0.00077176824792069,0.0880772403261566,0,sin_restriccion
432,0.0,0.0,0.00077176824792069,0.0880772403261566,0,sin_restriccion
433,0.0,0.0,0.00077176824792069,0.0880772403261566,0,sin_restriccion
434,0.0,0.0,0.00077176824792069,0.0880772403261566,0,sin_restriccion
435,0.0,0.0,0.00077176824792069,0.0880772403261566,0,sin_restriccion
436,0.0,0.0,0.00077176824792069,0.0880772403261566,0,sin_restriccion
437,0.0,0.0,0.00077176824792069,0.0880772403261566,0,sin_restriccion
438,0.0,0.0,0.00077176824792069,0.0880772403261566,0,sin_restriccion
439,0.0,0.0,0.00077176824792069,0.0880772403261566,0,sin_restriccion
440,0.0,0.0,0.00077176824792069,0.0880772403261566,0,sin_restriccion
441,0.0,0.0,0.00077176824792069,0.0880772403261566,0,sin_restriccion
442,0.0,0.0,0.00077176824792069,0.0880772403261566,0,sin_restriccion
443,0.0,0.0,0.00077176824792069,0.0880772403261566,0,sin_restriccion
444,0.0,0.0,0.00077176824792069,0.0880772403261566,0,sin_restriccion
445,0.0,0.0,0.00077176824792069,0.0880772403261566,0,sin_restriccion
446,0.0,0.0,0.00077176824792069,0.0880772403261566,0,sin_restriccion
447,0.0,0.0,0.00077176824792069,0.0880772403261566,0,sin_restriccion
448,0.0,0.0,0.00077176824792069,0.0880772403261566,0,sin_restriccion
449,0.0,0.0,0.00077176824792069,0.0880772403261566,0,sin_restriccion
450,0.0,0.0,0.00077176824792069,0.0880772403261566,0,sin_restriccion
451,0.0,0.0,0.00077176824792069,0.0880772403261566,0,sin_restriccion
452,0.0,0.0,0.00077176824792069,0.0880772403261566,0,sin_restriccion
453,0.0,0.0,0.00077176824792069,0.0880772403261566,0,sin_restriccion
454,0.0,0.0,0.00077176824792069,0.0880772403261566,0,sin_restriccion
455,0.0,0.0,0.00077176824792069,0.0880772403261566,0,sin_restriccion
456,0.0,0.0,0.00077176824792069,0.0880772403261566,0,sin_restriccion
457,0.0,0.0,0.00077176824792069,0.0880772403261566,0,sin_restriccion
458,0.0,0.0,0.00077176824792069,0.0880772403261566,0,sin_restriccion
459,0.0,0.0,0.00077176824792069,0.0880772403261566,0,sin_restriccion
460,0.0,0.0,0.00077176824792069,0.0880772403261566,0,sin_restriccion
461,0.0,0.0,0.00077176824792069,0.0880772403261566,0,sin_restriccion
462,0.0,0.0,0.00077176824792069,0.0880772403261566,0,sin_restriccion
463,0.0,0.0,0.00077176824792069,0.0880772403261566,0,sin_restriccion
464,0.0,0.0,0.00077176824792069,0.0880772403261566,0,sin_restriccion
465,0.0,0.0,0.00077176824792069,0.0880772403261566,0,sin_restriccion
466,0.0,0.0,0.00077176824792069,0.0880772403261566,0,sin_restriccion
467,0.0,0.0,0.00077176824792069,0.0880772403261566,0,sin_restriccion
468,0.0,0.0,0.00077176824792069,0.0880772403261566,0,sin_restriccion
469,0.0,0.0,0.00077176824792069,0.0880772403261566,0,sin_restriccion
470,0.0,0.0,0.00077176824792069,0.0880772403261566,0,sin_restriccion
471,0.0,0.0,0.00077176824792069,0.0880772403261566,0,sin_restriccion
472,0.0,0.0,0.00077176824792069,0.0880772403261566,0,sin_restriccion
473,0.0,0.0,0.00077176824792069,0.0880772403261566,0,sin_restriccion
474,0.0,0.0,0.00077176824792069,0.0880772403261566,0,sin_restriccion
475,0.0,0.0,0.00077176824792069,0.0880772403261566,0,sin_restriccion
476,0.0,0.0,0.00077176824792069,0.0880772403261566,0,sin_restriccion
477,0.0,0.0,0.00077176824792069,0.0880772403261566,0,sin_restriccion
478,0.0,0.0,0.00077176824792069,0.0880772403261566,0,sin_restriccion
479,0.0,0.0,0.00077176824792069,0.0880772403261566,0,sin_restriccion
480,0.0,0.0,0.00077176824792069,0.0880772403261566,0,sin_restriccion
481,0.0,0.0,0.00077176824792069,0.0880772403261566,0,sin_restriccion
482,0.0,0.0,0.00077176824792069,0.0880772403261566,0,sin_restriccion
483,0.0,0.0,0.00077176824792069,0.0880772403261566,0,sin_restriccion
484,0.0,0.0,0.00077176824792069,0.0880772403261566,0,sin_restriccion
485,0.0,0.0,0.00077176824792069,0.0880772403261566,0,sin_restriccion
486,0.0,0.0,0.00077176824792069,0.0880772403261566,0,sin_restriccion
487,0.0,0.0,0.00077176824792069,0.0880772403261566,0,sin_restriccion
488,0.0,0.0,0.00077176824792069,0.0880772403261566,0,sin_restriccion
489,0.0,0.0,0.00077176824792069,0.0880772403261566,0,sin_restriccion
490,0.0,0.0,0.00077176824792069,0.0880772403261566,0,sin_restriccion
491,0.0,0.0,0.00077176824792069,0.0880772403261566,0,sin_restriccion
492,0.0,0.0,0.00077176824792069,0.0880772403261566,0,sin_restriccion
493,0.0,0.0,0.00077176824792069,0.0880772403261566,0,sin_restriccion
494,0.0,0.0,0.00077176824792069,0.0880772403261566,0,sin_restriccion
495,0.0,0.0,0.00077176824792069,0.0880772403261566,0,sin_restriccion
496,0.0,0.0,0.00077176824792069,0.0880772403261566,0,sin_restriccion
497,0.0,0.0,0.00077176824792069,0.0880772403261566,0,sin_restriccion
498,0.0,0.0,0.00077176824792069,0.0880772403261566,0,sin_restriccion
499,0.0,0.0,0.00077176824792069,0.0880772403261566,0,sin_restriccion
500,0.0,0.0,0.00077176824792069,0.0880772403261566,0,sin_restriccion
